industry,avg_placement,,count,,
Actor/Actress,6.75,4,128,8,0.916666667
Athlete,6.263157895,1,95,7,
TV Personality,6.686567164,3,67,6,
Singer/Rapper,6.885245902,5,61,5,
Model,8.882352941,8,17,4,
Comedian,8.75,7,12,3,
middle,7.346153846,6,26,2,
low,6.333333333,2,15,1,
