correlation_type,spearman_correlation,p_value,significance
参赛次数_平均排名,-0.22222991298148378,0.08789888959782755,不显著
参赛次数_评委分数,0.23293867240342353,0.07327617779171278,不显著
参赛次数_冠军数量,0.6683188108381255,5.39271564683457e-09,显著
参赛次数_淘汰周数,0.3422137526685224,0.0074429826433307774,显著
