region,avg_placement,,count,,
California,7.694444444,9,72,11,0.872727273
FALSE,6.678571429,7,56,10,
New York,7.680851064,8,47,9,
Texas,6.44,6,25,8,
Florida,6.15,3,20,7,
Georgia,5.4,2,15,6,
Illinois,7,10,15,5,
Pennsylvania,5.230769231,1,13,4,
Ohio,9,11,13,3,
middle,6.348837209,4,86,2,
low,6.423728814,5,59,1,
