season,viewers_millions
1,16.8
2,17.7
3,20.7
4,20.35
5,20.0
6,19.8
7,19.6
8,19.4
9,19.2
10,19.0
11,18.0
12,17.0
13,16.0
14,15.0
15,14.0
16,13.4
17,12.8
18,12.2
19,11.6
20,11.0
21,10.6
22,10.2
23,9.8
24,9.4
25,9.0
26,8.333333333333334
27,7.666666666666667
28,7.0
29,6.5
30,6.0
31,5.4
32,4.8
33,4.9
34,7.5
