Feature,Importance
z_partner_score,0.19674605604003312
z_age,0.17278542773611888
z_pop,0.134259169015162
age,0.1020318892079499
season_size,0.08624774842790757
pop_x_partner,0.07667887153737903
popularity_ratio,0.04412159737741447
region_rank,0.035522681563695604
industry_rank,0.032360561732700834
partner_hist_score,0.03144118772174917
age_x_partner,0.030401115991829982
partner_experience,0.029257488979856465
partner_hist_champs,0.027239814064014857
us_born,0.0009063906041880024
